{"schemaVersion":"1.0","appDefinitionTemplate":{"id":"/providers/Microsoft.PowerApps/apps/","type":"Microsoft.PowerApps/apps","tags":{"primaryDeviceWidth":"640","primaryDeviceHeight":"1136","supportsPortrait":"true","supportsLandscape":"true","primaryFormFactor":"Phone","showStatusBar":"false","publisherVersion":"3.24073.20","minimumRequiredApiVersion":"2.2.0","hasComponent":"false","hasUnlockedComponent":"false","isUnifiedRootApp":"false","sienaVersion":"20240728T140834Z-3.24073.20.0"},"properties":{"appVersion":"2024-07-28T14:08:34Z","lifeCycleId":"Published","createdByClientVersion":{"major":3,"minor":24073,"build":20,"revision":0,"majorRevision":0,"minorRevision":0},"minClientVersion":{"major":3,"minor":24073,"build":20,"revision":0,"majorRevision":0,"minorRevision":0},"backgroundColor":"RGBA(0,176,240,1)","backgroundImageUri":"/3529955190323161717/Nc75153bb-047e-4d41-a5c3-3ac9046ecdcc-logoSmallFile","displayName":"Gerenciamento OS","description":"","commitMessage":"","appUris":{"documentUri":{"value":"/3529955190323161717/N43edfb5a-1ad6-40ad-8725-cf543a68a12b-document.msapp"},"imageUris":[],"additionalUris":[{"isSolutionAware":false,"value":"/3529955190323161717/Nf1cbd41d-d029-4dc6-b147-9794a2ffcdfb-identity.json"}]},"createdTime":"0001-01-01T00:00:00Z","lastModifiedTime":"0001-01-01T00:00:00Z","sharedGroupsCount":0,"sharedUsersCount":0,"connectionReferences":{"1b1146fc-0c37-4317-bea5-d7059262a573":{"id":"bbe2d55b-dc25-45b1-9f5a-62661b00040c","displayName":"SharePoint","iconUri":"https://connectoricons-prod.azureedge.net/u/jayawan/releases/v1.0.1697/1.0.1697.3786/sharepointonline/icon.png","dataSources":["CabecalhoOrdemDeServico","LinhasOrdemDeServico"],"dependencies":[],"dependents":[],"parameterHints":{},"parameterHintsV2":{},"isOnPremiseConnection":false,"bypassConsent":false,"dataSets":{"https://directyconsultoria.sharepoint.com/sites/TestePowerPlataform":{"dataSources":{"CabecalhoOrdemDeServico":{"tableName":"977fd0a6-3337-45d7-939f-f243f1d5f944"},"LinhasOrdemDeServico":{"tableName":"e2b5822b-98c7-491d-8673-34b8bfae8809"}}}},"apiTier":"Standard","isCustomApiConnection":false,"actions":["providers/PowerPlatform.Governance/Operations/Read","providers/PowerPlatform.Governance/Operations/Write","providers/PowerPlatform.Governance/Operations/Delete"]}},"databaseReferences":{},"almMode":"Environment","performanceOptimizationEnabled":false,"canConsumeAppPass":false,"enableModernRuntimeMode":false,"executionRestrictions":{"isTeamsOnly":false,"dataLossPreventionEvaluationResult":{"status":"Compliant","lastEvaluationDate":"2024-07-28T14:08:37.7709443Z","violations":[],"violationsByPolicy":[],"violationErrorMessage":"O aplicativo usa os seguintes conectores: shared_sharepointonline."}}},"appType":"ClassicCanvasApp","appComponents":[]}}